a941f810-3d65-4fc6-9565-e816c9219dc1;8bdcdc43-4a5a-4b5e-bb8c-3c251c543613;Sessão Teste 3;;;;
392410ea-e9c5-4d81-b4bc-0e69c2cede89;ffc9d3b0-c17f-4cd1-b96c-16bb043220c4;SESSION 1;;;;
daa1b6fd-075b-421e-b716-e4d6189673a1;31330847-fe2c-458e-835d-3bf34625741d;Sessão Teste 1;;;;
f9efc3d6-23f6-4781-ba86-ebd13cf7504a;31330847-fe2c-458e-835d-3bf34625741d;Sessão Teste 2;;;;
1baa3328-760c-4172-8cb3-c7618f1e9cf0;c5acc46e-31d7-4ce2-b3ec-27c5e7bcbb07;Sessão 1 Atualizada;;;;
5d5ae768-6579-4c0f-9bcc-352dcb2049b3;6d0daf07-fa29-419e-9005-9d9ce3d65663;Sessão Teste 3;;;;
6b0c5007-eaf9-4d6b-b145-04953bf0ca69;4ae90700-2cfd-4bc5-8f3f-0e3d6adf6206;SESSION 1;;;;
5390bf6a-6272-4685-a2f0-23ba3aad8d7c;593b3499-901c-4e11-ab48-ce301ff65f07;Sessão Teste 1;;;;
e3a84030-a2b4-498b-9513-e72ceb5c9dc3;593b3499-901c-4e11-ab48-ce301ff65f07;Sessão Teste 2;;;;
3bc8c7cd-3c74-4ea1-826a-e19fc96c0801;3063c6aa-fe41-43bd-9d34-838187cfa4a7;Sessão 1 Atualizada;;;;
